,Time step,RMSE,Average variance,Number of cells sampled,Average time to complete a task,Maximum visits to a cell,Total distance travelled,Total idle time,Total waiting times,"Robot (19, 2) distance travelled","Robot (19, 2) idle time","Robot (19, 2) waiting time","Robot (7, 15) distance travelled","Robot (7, 15) idle time","Robot (7, 15) waiting time","Robot (2, 17) distance travelled","Robot (2, 17) idle time","Robot (2, 17) waiting time"
0,1,,,0,,1.0,0,0,0,0,0,0,0,0,0,0,0,0
1,2,0.012746745307697982,6.012228922236641e-10,3,0.0,1.0,0,3,0,0,1,0,0,1,0,0,1,0
2,3,0.012746745307697982,6.012228922236641e-10,3,0.0,1.0,3,3,0,1,1,0,1,1,0,1,1,0
3,4,0.012746775009653622,5.870255800948758e-10,4,0.16666666666666666,1.0,5,4,0,1,2,0,2,1,0,2,1,0
4,5,0.012746775009653622,5.870255800948758e-10,4,0.16666666666666666,1.0,8,4,0,2,2,0,3,1,0,3,1,0
5,6,0.012746775009653622,5.870255800948758e-10,4,0.16666666666666666,1.0,11,4,0,3,2,0,4,1,0,4,1,0
6,7,0.012746775009653622,5.870255800948758e-10,4,0.16666666666666666,1.0,14,4,0,4,2,0,5,1,0,5,1,0
7,8,0.012746775009653622,5.870255800948758e-10,4,0.16666666666666666,1.0,17,4,0,5,2,0,6,1,0,6,1,0
8,9,0.012746515496427233,5.331718323473825e-10,5,1.1666666666666667,1.0,19,5,0,6,2,0,6,2,0,7,1,0
9,10,0.012746515496427233,5.331718323473825e-10,5,1.1666666666666667,1.0,22,5,0,7,2,0,7,2,0,8,1,0
10,11,0.012746515496427233,5.331718323473825e-10,5,1.1666666666666667,1.0,25,5,0,8,2,0,8,2,0,9,1,0
11,12,0.012746515496427233,5.331718323473825e-10,5,1.1666666666666667,1.0,28,5,0,9,2,0,9,2,0,10,1,0
12,13,0.012746515496427233,5.331718323473825e-10,5,1.1666666666666667,2.0,31,5,0,10,2,0,10,2,0,11,1,0
13,14,0.012746515496427233,5.331718323473825e-10,5,1.1666666666666667,2.0,34,5,0,11,2,0,11,2,0,12,1,0
14,15,0.012746515496427233,5.331718323473825e-10,5,1.1666666666666667,2.0,37,5,0,12,2,0,12,2,0,13,1,0
15,16,0.012746515496427233,5.331718323473825e-10,5,1.1666666666666667,2.0,40,5,0,13,2,0,13,2,0,14,1,0
16,17,0.012746515496427233,5.331718323473825e-10,5,1.1666666666666667,2.0,43,5,0,14,2,0,14,2,0,15,1,0
17,18,0.012746515496427233,5.331718323473825e-10,5,1.1666666666666667,2.0,46,5,0,15,2,0,15,2,0,16,1,0
18,19,0.012746515496427233,5.331718323473825e-10,5,1.1666666666666667,2.0,49,5,0,16,2,0,16,2,0,17,1,0
19,20,0.012746515496427233,5.331718323473825e-10,5,1.1666666666666667,2.0,52,5,0,17,2,0,17,2,0,18,1,0
20,21,0.012746515496427233,5.331718323473825e-10,5,1.1666666666666667,2.0,55,5,0,18,2,0,18,2,0,19,1,0
21,22,0.012746515496427233,5.331718323473825e-10,5,1.1666666666666667,3.0,58,5,0,19,2,0,19,2,0,20,1,0
22,23,0.012746515496427233,5.331718323473825e-10,5,1.1666666666666667,3.0,61,5,0,20,2,0,20,2,0,21,1,0
23,24,0.012746515496427233,5.331718323473825e-10,5,1.1666666666666667,3.0,64,5,0,21,2,0,21,2,0,22,1,0
24,25,0.012746533443934734,5.278417135338155e-10,6,4.833333333333333,3.0,66,6,0,22,2,0,22,2,0,22,2,0
25,26,0.012746533443934734,5.278417135338155e-10,6,4.833333333333333,3.0,69,6,0,23,2,0,23,2,0,23,2,0
26,27,0.012746533443934734,5.278417135338155e-10,6,4.833333333333333,3.0,72,6,0,24,2,0,24,2,0,24,2,0
27,28,0.012746533443934734,5.278417135338155e-10,6,4.833333333333333,3.0,75,6,0,25,2,0,25,2,0,25,2,0
28,29,0.012746533443934734,5.278417135338155e-10,6,4.833333333333333,3.0,78,6,0,26,2,0,26,2,0,26,2,0
29,30,0.012746649007898202,4.906187099996442e-10,7,6.722222222222221,3.0,80,7,0,27,2,0,26,3,0,27,2,0
30,31,0.012746649007898202,4.906187099996442e-10,7,6.722222222222221,3.0,83,7,0,28,2,0,27,3,0,28,2,0
31,32,0.012746649007898202,4.906187099996442e-10,7,6.722222222222221,3.0,86,7,0,29,2,0,28,3,0,29,2,0
32,33,0.012746420424214304,8.030161293585377e-10,8,9.777777777777777,3.0,88,8,0,29,3,0,29,3,0,30,2,0
33,34,0.012746420424214304,8.030161293585377e-10,8,9.777777777777777,3.0,91,8,0,30,3,0,30,3,0,31,2,0
34,35,0.012746420424214304,8.030161293585377e-10,8,9.777777777777777,3.0,94,8,0,31,3,0,31,3,0,32,2,0
35,36,0.012746420424214304,8.030161293585377e-10,8,9.777777777777777,3.0,97,8,0,32,3,0,32,3,0,33,2,0
36,37,0.012746420424214304,8.030161293585377e-10,8,9.777777777777777,3.0,100,8,0,33,3,0,33,3,0,34,2,0
37,38,0.012746420424214304,8.030161293585377e-10,8,9.777777777777777,3.0,103,8,0,34,3,0,34,3,0,35,2,0
38,39,0.012746420424214304,8.030161293585377e-10,8,9.777777777777777,3.0,106,8,0,35,3,0,35,3,0,36,2,0
39,40,0.011328073427931065,0.005320904701877531,9,10.11111111111111,3.0,108,9,0,36,3,0,36,3,0,36,3,0
40,41,0.011328073427931065,0.005320904701877531,9,10.11111111111111,3.0,111,9,0,37,3,0,37,3,0,37,3,0
41,42,0.011328073427931065,0.005320904701877531,9,10.11111111111111,3.0,114,9,0,38,3,0,38,3,0,38,3,0
42,43,0.011328073427931065,0.005320904701877531,9,10.11111111111111,3.0,117,9,0,39,3,0,39,3,0,39,3,0
43,44,0.011762189924881823,0.0041026551879031915,10,10.138888888888888,3.0,119,10,0,39,4,0,40,3,0,40,3,0
44,45,0.011995365351289658,0.0036386387953199002,11,9.472222222222221,3.0,121,11,0,40,4,0,41,3,0,40,4,0
45,46,0.011995365351289658,0.0036386387953199002,11,9.472222222222221,3.0,124,11,0,41,4,0,42,3,0,41,4,0
46,47,0.011995365351289658,0.0036386387953199002,11,9.472222222222221,3.0,127,11,0,42,4,0,43,3,0,42,4,0
47,48,0.011998658375710227,0.003530524678533455,12,10.166666666666666,3.0,129,12,0,43,4,0,43,4,0,43,4,0
48,49,0.012019877302105639,0.0030249688301000567,13,9.700000000000001,3.0,131,13,0,44,4,0,44,4,0,43,5,0
49,50,0.012001625145762413,0.0028136441355880405,14,9.383333333333333,3.0,133,14,0,44,5,0,45,4,0,44,5,0
50,51,0.012001625145762413,0.0028136441355880405,14,9.383333333333333,3.0,136,14,0,45,5,0,46,4,0,45,5,0
51,52,0.012001625145762413,0.0028136441355880405,14,9.383333333333333,3.0,139,14,0,46,5,0,47,4,0,46,5,0
52,53,0.01201312997271002,0.00256566546348593,15,9.072222222222223,3.0,141,15,0,47,5,0,48,4,0,46,6,0
53,54,0.01201312997271002,0.00256566546348593,15,9.072222222222223,3.0,144,15,0,48,5,0,49,4,0,47,6,0
54,55,0.012026380274884417,0.0024106345168276888,16,8.805555555555555,3.0,146,16,0,48,6,0,50,4,0,48,6,0
55,56,0.012037972853223753,0.0022751403411958265,17,8.555555555555555,3.0,148,17,0,49,6,0,50,5,0,49,6,0
56,57,0.012049634855894036,0.0021148015781540276,18,8.222222222222223,3.0,150,18,0,49,7,0,51,5,0,50,6,0
57,58,0.012062686388653501,0.002010966937743619,19,7.722222222222222,3.0,152,19,0,50,7,0,51,6,0,51,6,0
58,59,0.01207742067011345,0.0019095747815201147,20,7.595238095238095,3.0,154,20,0,51,7,0,52,6,0,51,7,0
59,60,0.01207742067011345,0.0019095747815201147,20,7.595238095238095,3.0,157,20,0,52,7,0,53,6,0,52,7,0
60,61,0.01207742067011345,0.0019095747815201147,20,7.595238095238095,3.0,160,20,0,53,7,0,54,6,0,53,7,0
61,62,0.01207742067011345,0.0019095747815201147,20,7.595238095238095,3.0,163,20,0,54,7,0,55,6,0,54,7,0
62,63,0.01207742067011345,0.0019095747815201147,20,7.595238095238095,3.0,166,20,0,55,7,0,56,6,0,55,7,0
63,64,0.012091950951210123,0.0018591433137114797,21,7.553571428571428,3.0,168,21,0,55,8,0,57,6,0,56,7,0
64,65,0.012091950951210123,0.0018591433137114797,21,7.553571428571428,3.0,171,21,0,56,8,0,58,6,0,57,7,0
65,66,0.012091950951210123,0.0018591433137114797,21,7.553571428571428,3.0,174,21,0,57,8,0,59,6,0,58,7,0
66,67,0.01210614894755888,0.001741665715112501,22,7.529761904761905,3.0,176,22,0,58,8,0,59,7,0,59,7,0
67,68,0.01211993464647419,0.0016180898395132797,23,7.386243386243386,3.0,178,23,0,58,9,0,60,7,0,60,7,0
68,69,0.01211993464647419,0.0016180898395132797,23,7.386243386243386,3.0,181,23,0,59,9,0,61,7,0,61,7,0
69,70,0.012133257958367505,0.0015382437025348887,24,7.204761904761905,3.0,183,24,0,59,10,0,62,7,0,62,7,0
70,71,0.012133257958367505,0.0015382437025348887,24,7.204761904761905,3.0,186,24,0,60,10,0,63,7,0,63,7,0
71,72,0.012133257958367505,0.0015382437025348887,24,7.204761904761905,3.0,189,24,0,61,10,0,64,7,0,64,7,0
72,73,0.012133257958367505,0.0015382437025348887,24,7.204761904761905,3.0,192,24,0,62,10,0,65,7,0,65,7,0
73,74,0.012133257958367505,0.0015382437025348887,24,7.204761904761905,3.0,195,24,0,63,10,0,66,7,0,66,7,0
74,75,0.012133257958367505,0.0015382437025348887,24,7.204761904761905,3.0,198,24,0,64,10,0,67,7,0,67,7,0
75,76,0.012146100803750353,0.0014944741115828818,25,7.177489177489178,3.0,200,25,0,64,11,0,68,7,0,68,7,0
76,77,0.012146100803750353,0.0014944741115828818,25,7.177489177489178,3.0,203,25,0,65,11,0,69,7,0,69,7,0
77,78,0.012158451242375608,0.0014390825351031098,26,7.242965367965368,3.0,205,26,0,66,11,0,69,8,0,70,7,0
78,79,0.012158451242375608,0.0014390825351031098,26,7.242965367965368,3.0,208,26,0,67,11,0,70,8,0,71,7,0
79,80,0.012158451242375608,0.0014390825351031098,26,7.242965367965368,3.0,211,26,0,68,11,0,71,8,0,72,7,0
80,81,0.012170310774313216,0.0013486154366306152,27,7.192460317460317,3.0,213,27,0,68,12,0,72,8,0,73,7,0
81,82,0.012170310774313216,0.0013486154366306152,27,7.192460317460317,3.0,216,27,0,69,12,0,73,8,0,74,7,0
82,83,0.012170310774313216,0.0013486154366306152,27,7.192460317460317,3.0,219,27,0,70,12,0,74,8,0,75,7,0
83,84,0.012170310774313216,0.0013486154366306152,27,7.192460317460317,3.0,222,27,0,71,12,0,75,8,0,76,7,0
84,85,0.012181688548152816,0.0013178289861660588,28,7.095238095238095,3.0,224,28,0,72,12,0,75,9,0,77,7,0
85,86,0.012190588863664514,0.0012570146818635577,29,7.875,3.0,226,29,0,73,12,0,76,9,0,77,8,0
86,87,0.012190588863664514,0.0012570146818635577,29,7.875,3.0,229,29,0,74,12,0,77,9,0,78,8,0
87,88,0.012190588863664514,0.0012570146818635577,29,7.875,3.0,232,29,0,75,12,0,78,9,0,79,8,0
88,89,0.012201057910747975,0.0012082751302437422,30,7.909188034188034,3.0,234,30,0,75,13,0,79,9,0,80,8,0
89,90,0.010763928458888678,0.011820390426405463,32,7.519373219373219,4.0,235,32,0,76,13,0,79,10,0,80,9,0
90,91,0.010763928458888678,0.011820390426405463,32,7.519373219373219,4.0,238,32,0,77,13,0,80,10,0,81,9,0
91,92,0.010763928458888678,0.011820390426405463,32,7.519373219373219,4.0,241,32,0,78,13,0,81,10,0,82,9,0
92,93,0.010763928458888678,0.011820390426405463,32,7.519373219373219,4.0,244,32,0,79,13,0,82,10,0,83,9,0
93,94,0.010763928458888678,0.011820390426405463,32,7.519373219373219,4.0,247,32,0,80,13,0,83,10,0,84,9,0
94,95,0.010763928458888678,0.011820390426405463,32,7.519373219373219,4.0,250,32,0,81,13,0,84,10,0,85,9,0
95,96,0.01074742432799402,0.011329859043906603,33,7.431494431494432,4.0,252,33,0,82,13,0,84,11,0,86,9,0
96,97,0.010714619688622534,0.010880166754595754,34,7.335198135198136,4.0,254,34,0,83,13,0,85,11,0,86,10,0
97,98,0.010714619688622534,0.010880166754595754,34,7.335198135198136,4.0,257,34,0,84,13,0,86,11,0,87,10,0
98,99,0.010714619688622534,0.010880166754595754,34,7.335198135198136,4.0,260,34,0,85,13,0,87,11,0,88,10,0
99,100,0.010366922083918397,0.01046780444137899,35,7.435930735930736,4.0,262,35,0,85,14,0,88,11,0,89,10,0
100,101,0.010716265675115012,0.009755777246877255,37,7.1652236652236665,4.0,263,37,0,86,14,0,88,12,0,89,11,0
101,102,0.010716265675115012,0.009755777246877255,37,7.1652236652236665,4.0,266,37,0,87,14,0,89,12,0,90,11,0
102,103,0.010721710686365874,0.009464529612414518,38,7.002830502830503,4.0,268,38,0,88,14,0,89,13,0,91,11,0
103,104,0.010721710686365874,0.009464529612414518,38,7.002830502830503,4.0,271,38,0,89,14,0,90,13,0,92,11,0
104,105,0.010721710686365874,0.009464529612414518,38,7.002830502830503,4.0,274,38,0,90,14,0,91,13,0,93,11,0
105,106,0.01072530543250441,0.00915065879585407,39,6.97902097902098,4.0,276,39,0,90,15,0,92,13,0,94,11,0
106,107,0.010706555925406959,0.008606614616034009,41,6.801587301587301,4.0,277,41,0,91,15,0,92,14,0,94,12,0
107,108,0.010700860271444158,0.008366751947194438,42,6.697420634920635,4.0,279,42,0,91,16,0,93,14,0,95,12,0
108,109,0.010700860271444158,0.008366751947194438,42,6.697420634920635,4.0,282,42,0,92,16,0,94,14,0,96,12,0
109,110,0.010695593099887267,0.007856938813903003,44,6.503921568627451,4.0,283,44,0,92,17,0,94,15,0,97,12,0
110,111,0.010695593099887267,0.007856938813903003,44,6.503921568627451,4.0,286,44,0,93,17,0,95,15,0,98,12,0
111,112,0.010688586003645462,0.0075894012054840785,45,6.422222222222222,4.0,288,45,0,93,18,0,96,15,0,99,12,0
112,113,0.010682691365729467,0.007361953868279754,46,6.34957264957265,4.0,290,46,0,94,18,0,97,15,0,99,13,0
113,114,0.010682691365729467,0.007361953868279754,46,6.34957264957265,4.0,293,46,0,95,18,0,98,15,0,100,13,0
114,115,0.010677783214640657,0.007166009795748849,47,6.192063492063492,4.0,295,47,0,96,18,0,99,15,0,100,14,0
115,116,0.010677783214640657,0.007166009795748849,47,6.192063492063492,4.0,298,47,0,97,18,0,100,15,0,101,14,0
116,117,0.010673757687421834,0.00698685483095835,48,6.186507936507937,4.0,300,48,0,98,18,0,100,16,0,102,14,0
117,118,0.010673757687421834,0.00698685483095835,48,6.186507936507937,4.0,303,48,0,99,18,0,101,16,0,103,14,0
118,119,0.01066798657166338,0.006712099137053202,50,6.10906432748538,4.0,304,50,0,99,19,0,102,16,0,103,15,0
119,120,0.01066798657166338,0.006712099137053202,50,6.10906432748538,4.0,307,50,0,100,19,0,103,16,0,104,15,0
120,121,0.01066798657166338,0.006712099137053202,50,6.10906432748538,4.0,310,50,0,101,19,0,104,16,0,105,15,0
121,122,0.01066798657166338,0.006712099137053202,50,6.064946680426556,4.0,312,51,0,102,19,0,104,17,0,106,15,0
122,123,0.01066798657166338,0.006712099137053202,50,6.064946680426556,4.0,315,51,0,103,19,0,105,17,0,107,15,0
123,124,0.01066798657166338,0.006712099137053202,50,6.064946680426556,4.0,318,51,0,104,19,0,106,17,0,108,15,0
124,125,0.01066608305453748,0.006511453090169375,51,6.026057791537667,4.0,320,52,0,105,19,0,107,17,0,108,16,0
125,126,0.01066608305453748,0.006511453090169375,51,6.026057791537667,4.0,323,52,0,106,19,0,108,17,0,109,16,0
126,127,0.01066608305453748,0.006511453090169375,51,6.026057791537667,4.0,326,52,0,107,19,0,109,17,0,110,16,0
127,128,0.01066608305453748,0.006511453090169375,51,6.026057791537667,4.0,329,52,0,108,19,0,110,17,0,111,16,0
128,129,0.010663905096960816,0.006261476384635662,53,6.087037037037038,4.0,330,54,0,108,20,0,110,18,0,112,16,0
129,130,0.010663905096960816,0.006261476384635662,53,6.087037037037038,5.0,333,54,0,109,20,0,111,18,0,113,16,0
130,131,0.010663905096960816,0.006261476384635662,53,6.087037037037038,5.0,336,54,0,110,20,0,112,18,0,114,16,0
131,132,0.010663905096960816,0.006261476384635662,53,6.087037037037038,5.0,339,54,0,111,20,0,113,18,0,115,16,0
132,133,0.010663905096960816,0.006261476384635662,53,6.087037037037038,5.0,342,54,0,112,20,0,114,18,0,116,16,0
133,134,0.010663519506733837,0.006242502306448625,54,6.111546840958606,5.0,344,55,0,113,20,0,115,18,0,116,17,0
134,135,0.010663538135725239,0.006053171959374387,55,6.092053663570692,5.0,346,56,0,114,20,0,115,19,0,117,17,0
135,136,0.01066393390127121,0.005937486050261027,56,6.101577473094501,5.0,348,57,0,114,21,0,116,19,0,118,17,0
136,137,0.01066393390127121,0.005937486050261027,56,6.101577473094501,5.0,351,57,0,115,21,0,117,19,0,119,17,0
137,138,0.010665620953204618,0.005726465622641905,58,5.963227513227513,5.0,352,59,0,116,21,0,117,20,0,119,18,0
138,139,0.010665620953204618,0.005726465622641905,58,5.963227513227513,5.0,355,59,0,117,21,0,118,20,0,120,18,0
139,140,0.010665620953204618,0.005726465622641905,58,5.963227513227513,5.0,358,59,0,118,21,0,119,20,0,121,18,0
140,141,0.010665620953204618,0.005726465622641905,58,5.963227513227513,5.0,361,59,0,119,21,0,120,20,0,122,18,0
141,142,0.010668351966800797,0.005631995056935968,60,5.854636591478697,5.0,362,61,0,120,21,0,120,21,0,122,19,0
142,143,0.010668351966800797,0.005631995056935968,60,5.854636591478697,5.0,365,61,0,121,21,0,121,21,0,123,19,0
143,144,0.01067004190914237,0.005582292082082765,61,5.764285714285715,5.0,367,62,0,122,21,0,122,21,0,123,20,0
144,145,0.010671917616634724,0.0054824291049493734,62,5.708008658008659,5.0,369,63,0,123,21,0,122,22,0,124,20,0
145,146,0.010671917616634724,0.0054824291049493734,62,5.708008658008659,5.0,372,63,0,124,21,0,123,22,0,125,20,0
146,147,0.010673958983058984,0.0054155852088459185,63,5.642135642135642,5.0,374,64,0,125,21,0,124,22,0,125,21,0
147,148,0.010673958983058984,0.0054155852088459185,63,5.642135642135642,5.0,377,64,0,126,21,0,125,22,0,126,21,0
148,149,0.010680904023406055,0.005177598356405766,66,5.629776021080368,5.0,377,67,0,126,22,0,125,23,0,126,22,0
149,150,0.010680904023406055,0.005177598356405766,66,5.629776021080368,5.0,380,67,0,127,22,0,126,23,0,127,22,0
150,151,0.010680904023406055,0.005177598356405766,66,5.629776021080368,5.0,383,67,0,128,22,0,127,23,0,128,22,0
151,152,0.010680904023406055,0.005177598356405766,66,5.629776021080368,5.0,386,67,0,129,22,0,128,23,0,129,22,0
152,153,0.010683443050866,0.00511446091348309,67,5.595959595959596,5.0,388,68,0,130,22,0,128,24,0,130,22,0
153,154,0.010683443050866,0.00511446091348309,67,5.595959595959596,5.0,391,68,0,131,22,0,129,24,0,131,22,0
154,155,0.01068607272830895,0.0050328844362291,68,5.52764163372859,5.0,392,70,0,132,22,0,129,25,0,131,23,0
155,156,0.01068607272830895,0.0050328844362291,68,5.52764163372859,5.0,395,70,0,133,22,0,130,25,0,132,23,0
156,157,0.01068607272830895,0.0050328844362291,68,5.52764163372859,5.0,398,70,0,134,22,0,131,25,0,133,23,0
157,158,0.010688782030390111,0.004942585209431139,69,5.476313131313131,5.0,400,71,0,135,22,0,132,25,0,133,24,0
158,159,0.010688782030390111,0.004942585209431139,69,5.476313131313131,6.0,403,71,0,136,22,0,133,25,0,134,24,0
159,160,0.010688782030390111,0.004942585209431139,69,5.476313131313131,6.0,406,71,0,137,22,0,134,25,0,135,24,0
160,161,0.010688782030390111,0.004942585209431139,69,5.476313131313131,6.0,409,71,0,138,22,0,135,25,0,136,24,0
161,162,0.010691560949443209,0.004842194894005026,70,5.442424242424242,6.0,411,72,0,139,22,0,136,25,0,136,25,0
162,163,0.010691560949443209,0.004842194894005026,70,5.442424242424242,6.0,414,72,0,140,22,0,137,25,0,137,25,0
163,164,0.010691560949443209,0.004842194894005026,70,5.56231884057971,6.0,416,73,0,140,23,0,138,25,0,138,25,0
164,165,0.010691560949443209,0.004842194894005026,70,5.56231884057971,6.0,419,73,0,141,23,0,139,25,0,139,25,0
165,166,0.010691560949443209,0.004842194894005026,70,5.56231884057971,6.0,422,73,0,142,23,0,140,25,0,140,25,0
166,167,0.010694400440521572,0.0048049007541672165,71,5.543857302118172,6.0,424,74,0,143,23,0,141,25,0,140,26,0
167,168,0.010694400440521572,0.0048049007541672165,71,5.543857302118172,6.0,427,74,0,144,23,0,142,25,0,141,26,0
168,169,0.010697292264671629,0.004761173916576787,72,5.5148717948717945,6.0,429,75,0,144,24,0,143,25,0,142,26,0
169,170,0.010700228952981266,0.0047015046548026665,73,5.58641975308642,6.0,430,77,0,145,24,0,143,26,0,142,27,0
170,171,0.010700228952981266,0.0047015046548026665,73,5.58641975308642,6.0,433,77,0,146,24,0,144,26,0,143,27,0
171,172,0.010703203723850868,0.004670339210797748,74,5.5330864197530865,6.0,435,78,0,146,25,0,145,26,0,144,27,0
172,173,0.010703203723850868,0.004670339210797748,74,5.5330864197530865,6.0,438,78,0,147,25,0,146,26,0,145,27,0
173,174,0.010706210418518847,0.004613542446935627,75,5.506190476190476,6.0,440,79,0,148,25,0,147,26,0,145,28,0
174,175,0.010709242748920251,0.004579917619380269,76,5.456959706959708,6.0,442,80,0,148,26,0,148,26,0,146,28,0
175,176,0.010709242748920251,0.004579917619380269,76,5.456959706959708,6.0,445,80,0,149,26,0,149,26,0,147,28,0
176,177,0.010709242748920251,0.004579917619380269,76,5.456959706959708,6.0,448,80,0,150,26,0,150,26,0,148,28,0
177,178,0.010709242748920251,0.004579917619380269,76,5.456959706959708,6.0,451,80,0,151,26,0,151,26,0,149,28,0
178,179,0.010711998280194883,0.00450798077197132,77,5.423721340388006,6.0,453,81,0,151,27,0,152,26,0,150,28,0
179,180,0.010711998280194883,0.00450798077197132,77,5.423721340388006,6.0,456,81,0,152,27,0,153,26,0,151,28,0
180,181,0.010705126038021569,0.004437468968591036,78,5.3690476190476195,6.0,458,82,0,152,28,0,154,26,0,152,28,0
181,182,0.010705126038021569,0.004437468968591036,78,5.3690476190476195,6.0,461,82,0,153,28,0,155,26,0,153,28,0
182,183,0.010705126038021569,0.004437468968591036,78,5.3690476190476195,6.0,464,82,0,154,28,0,156,26,0,154,28,0
183,184,0.010526028332063682,0.004393997820718798,79,5.412972085385879,6.0,466,83,0,155,28,0,157,26,0,154,29,0
184,185,0.010342746577031981,0.004318555011622463,80,5.517910356990817,6.0,468,84,0,156,28,0,157,27,0,155,29,0
185,186,0.010342746577031981,0.004318555011622463,80,5.517910356990817,7.0,471,84,0,157,28,0,158,27,0,156,29,0
186,187,0.009666720080781812,0.004203284103490979,81,5.512984248616433,7.0,473,85,0,157,29,0,159,27,0,157,29,0
187,188,0.010727717349742413,0.00415443007898801,82,5.467569786535304,7.0,475,86,0,158,29,0,159,28,0,158,29,0
188,189,0.010730743220972123,0.004072109461546156,83,5.418527640941434,7.0,477,87,0,158,30,0,160,28,0,159,29,0
189,190,0.010730743220972123,0.004072109461546156,83,5.418527640941434,7.0,480,87,0,159,30,0,161,28,0,160,29,0
190,191,0.010730743220972123,0.004072109461546156,83,5.418527640941434,7.0,483,87,0,160,30,0,162,28,0,161,29,0
191,192,0.01073383672142679,0.00402027751937374,84,5.387739463601533,7.0,485,88,0,161,30,0,162,29,0,162,29,0
192,193,0.01073383672142679,0.00402027751937374,84,5.387739463601533,7.0,488,88,0,162,30,0,163,29,0,163,29,0
193,194,0.010740004211226624,0.003919568579789592,86,5.41511556049932,7.0,489,90,0,162,31,0,164,29,0,163,30,0
194,195,0.010740004211226624,0.003919568579789592,86,5.41511556049932,7.0,492,90,0,163,31,0,165,29,0,164,30,0
195,196,0.010740004211226624,0.003919568579789592,86,5.41511556049932,7.0,495,90,0,164,31,0,166,29,0,165,30,0
196,197,0.010740004211226624,0.003919568579789592,86,5.41511556049932,7.0,498,90,0,165,31,0,167,29,0,166,30,0
197,198,0.010740004211226624,0.003919568579789592,86,5.41511556049932,7.0,501,90,0,166,31,0,168,29,0,167,30,0
198,199,0.010740004211226624,0.003919568579789592,86,5.41511556049932,7.0,504,90,0,167,31,0,169,29,0,168,30,0
199,200,0.010740004211226624,0.003919568579789592,86,5.41511556049932,7.0,507,90,0,168,31,0,170,29,0,169,30,0
200,201,0.010740004211226624,0.003919568579789592,86,5.41511556049932,7.0,510,90,0,169,31,0,171,29,0,170,30,0
201,202,0.010743074515572376,0.0038529957003932904,87,5.431961438635521,7.0,512,91,0,170,31,0,172,29,0,170,31,0
202,203,0.0107461335835436,0.0037964904640445597,88,5.4810035842293905,7.0,514,92,0,171,31,0,172,30,0,171,31,0
203,204,0.010749098682492748,0.003745055550392402,89,5.520318100358423,7.0,516,93,0,171,32,0,173,30,0,172,31,0
204,205,0.010749098682492748,0.003745055550392402,89,5.520318100358423,7.0,519,93,0,172,32,0,174,30,0,173,31,0
205,206,0.010749098682492748,0.003745055550392402,89,5.520318100358423,7.0,522,93,0,173,32,0,175,30,0,174,31,0
206,207,0.010749098682492748,0.003745055550392402,89,5.520318100358423,7.0,525,93,0,174,32,0,176,30,0,175,31,0
207,208,0.010749098682492748,0.003745055550392402,89,5.520318100358423,7.0,528,93,0,175,32,0,177,30,0,176,31,0
208,209,0.01075201138704681,0.003677795759228495,90,5.517809139784947,7.0,529,95,0,176,32,0,177,31,0,176,32,0
209,210,0.01075201138704681,0.003677795759228495,90,5.517809139784947,7.0,532,95,0,177,32,0,178,31,0,177,32,0
210,211,0.01075201138704681,0.003677795759228495,90,5.517809139784947,7.0,535,95,0,178,32,0,179,31,0,178,32,0
211,212,0.01075201138704681,0.003677795759228495,90,5.517809139784947,7.0,538,95,0,179,32,0,180,31,0,179,32,0
212,213,0.01075201138704681,0.003677795759228495,90,5.517809139784947,7.0,541,95,0,180,32,0,181,31,0,180,32,0
213,214,0.01075201138704681,0.003677795759228495,90,5.517809139784947,7.0,544,95,0,181,32,0,182,31,0,181,32,0
214,215,0.01075201138704681,0.003677795759228495,90,5.517809139784947,7.0,547,95,0,182,32,0,183,31,0,182,32,0
215,216,0.010610108172209809,0.003618149230037623,91,5.574942978168785,7.0,549,96,0,182,33,0,184,31,0,183,32,0
216,217,0.010610108172209809,0.003618149230037623,91,5.574942978168785,7.0,552,96,0,183,33,0,185,31,0,184,32,0
217,218,0.010610108172209809,0.003618149230037623,91,5.574942978168785,7.0,555,96,0,184,33,0,186,31,0,185,32,0
218,219,0.01029105112246257,0.003587114026923659,92,5.610296513522321,7.0,557,97,0,185,33,0,187,31,0,185,33,0
219,220,0.01029105112246257,0.003587114026923659,92,5.585638165334561,7.0,559,98,0,185,34,0,188,31,0,186,33,0
220,221,0.01029105112246257,0.003587114026923659,92,5.585638165334561,7.0,562,98,0,186,34,0,189,31,0,187,33,0
221,222,0.010761208782953124,0.003542530466706428,93,5.60886544011544,7.0,563,100,0,186,35,0,189,32,0,188,33,0
222,223,0.010761208782953124,0.003542530466706428,93,5.583315826330531,7.0,565,101,0,187,35,0,190,32,0,188,34,0
223,224,0.010764171743172119,0.0034944240328430563,94,5.543368736383442,7.0,567,102,0,187,36,0,191,32,0,189,34,0
224,225,0.010764171743172119,0.0034944240328430563,94,5.543368736383442,7.0,570,102,0,188,36,0,192,32,0,190,34,0
225,226,0.010764171743172119,0.0034944240328430563,94,5.543368736383442,7.0,573,102,0,189,36,0,193,32,0,191,34,0
226,227,0.01076711521198841,0.0034385562136215564,95,5.514589957604663,7.0,575,103,0,189,37,0,194,32,0,192,34,0
227,228,0.01076711521198841,0.0034385562136215564,95,5.514589957604663,7.0,578,103,0,190,37,0,195,32,0,193,34,0
228,229,0.01076711521198841,0.0034385562136215564,95,5.514589957604663,7.0,581,103,0,191,37,0,196,32,0,194,34,0
229,230,0.010770033353409007,0.0033711214839117877,96,5.51907175032175,7.0,583,104,0,192,37,0,197,32,0,194,35,0
230,231,0.010770033353409007,0.0033711214839117877,96,5.51907175032175,7.0,586,104,0,193,37,0,198,32,0,195,35,0
231,232,0.010770033353409007,0.0033711214839117877,96,5.51907175032175,7.0,589,104,0,194,37,0,199,32,0,196,35,0
232,233,0.010770033353409007,0.0033711214839117877,96,5.51907175032175,7.0,592,104,0,195,37,0,200,32,0,197,35,0
233,234,0.010772935729317703,0.003322223550074321,97,5.5783473836105415,7.0,593,106,0,195,38,0,200,33,0,198,35,0
234,235,0.010775816723516064,0.003290431647538823,98,5.564061669324826,7.0,595,107,0,196,38,0,201,33,0,198,36,0
235,236,0.010775816723516064,0.003290431647538823,98,5.564061669324826,8.0,598,107,0,197,38,0,202,33,0,199,36,0
236,237,0.010775816723516064,0.003290431647538823,98,5.564061669324826,8.0,601,107,0,198,38,0,203,33,0,200,36,0
237,238,0.010775816723516064,0.003290431647538823,98,5.564061669324826,8.0,604,107,0,199,38,0,204,33,0,201,36,0
238,239,0.01078151264062106,0.0032034901201288633,100,5.534188034188034,8.0,605,109,0,199,39,0,204,34,0,202,36,0
239,240,0.01078151264062106,0.0032034901201288633,100,5.534188034188034,8.0,608,109,0,200,39,0,205,34,0,203,36,0
240,241,0.01078432617262989,0.003147507064715481,101,5.482064482064483,8.0,609,111,0,201,39,0,205,35,0,203,37,0
241,242,0.010786953660164572,0.0031213855340774988,102,5.456209781209782,8.0,611,112,0,201,40,0,206,35,0,204,37,0
242,243,0.010792624430141324,0.0030130876091554026,104,5.371881091617934,8.0,612,114,0,202,40,0,206,36,0,204,38,0
243,244,0.010792624430141324,0.0030130876091554026,104,5.371881091617934,8.0,615,114,0,203,40,0,207,36,0,205,38,0
244,245,0.010795320120142182,0.002956250041801014,105,5.329338549075391,8.0,617,115,0,204,40,0,207,37,0,206,38,0
245,246,0.010795320120142182,0.002956250041801014,105,5.329338549075391,8.0,620,115,0,205,40,0,208,37,0,207,38,0
246,247,0.010795320120142182,0.002956250041801014,105,5.329338549075391,8.0,623,115,0,206,40,0,209,37,0,208,38,0
247,248,0.0041030224164191375,0.0018148578184222985,107,5.286111111111111,8.0,624,117,0,207,40,0,209,38,0,208,39,0
248,249,0.0041030224164191375,0.0018148578184222985,107,5.294037940379404,8.0,626,118,0,207,41,0,210,38,0,209,39,0
249,250,0.0041030224164191375,0.0018148578184222985,107,5.255576401917865,8.0,628,119,0,208,41,0,210,39,0,210,39,0
250,251,0.0041030224164191375,0.0018148578184222985,107,5.227798624140088,8.0,630,120,0,209,41,0,211,39,0,210,40,0
251,252,0.010801763756144394,0.002825234330106946,108,5.191260162601626,8.0,632,121,0,210,41,0,211,40,0,211,40,0
252,253,0.010801763756144394,0.002825234330106946,108,5.191260162601626,8.0,635,121,0,211,41,0,212,40,0,212,40,0
253,254,0.010801763756144394,0.002825234330106946,108,5.191260162601626,8.0,638,121,0,212,41,0,213,40,0,213,40,0
254,255,0.010318522915854791,0.003109935804955852,110,5.146341463414634,8.0,639,123,0,213,41,0,213,41,0,213,41,0
255,256,0.010318522915854791,0.003109935804955852,110,5.146341463414634,8.0,642,123,0,214,41,0,214,41,0,214,41,0
256,257,0.010318522915854791,0.003109935804955852,110,5.16182733255904,8.0,644,124,0,214,42,0,215,41,0,215,41,0
257,258,0.010550929079634017,0.0031014414321633697,111,5.136469221835076,8.0,646,125,0,215,42,0,216,41,0,215,42,0
258,259,0.010550929079634017,0.0031014414321633697,111,5.136469221835076,8.0,649,125,0,216,42,0,217,41,0,216,42,0
259,260,0.010550929079634017,0.0031014414321633697,111,5.126984126984127,8.0,651,126,0,217,42,0,217,42,0,217,42,0
260,261,0.010550929079634017,0.0031014414321633697,111,5.126984126984127,8.0,654,126,0,218,42,0,218,42,0,218,42,0
261,262,0.010553282623313674,0.003072964148626577,112,5.110557401255076,8.0,656,127,0,219,42,0,219,42,0,218,43,0
262,263,0.01054924138361089,0.003034911044494163,113,5.086009597637505,8.0,658,128,0,220,42,0,219,43,0,219,43,0
263,264,0.00998156680554453,0.0029973673858374296,114,5.055178026108258,8.0,660,129,0,221,42,0,220,43,0,219,44,0
264,265,0.00998156680554453,0.0029973673858374296,114,5.055178026108258,8.0,663,129,0,222,42,0,221,43,0,220,44,0
265,266,0.010560240506444414,0.0029670591952581666,115,5.054263565891472,8.0,664,131,0,222,43,0,221,44,0,221,44,0
266,267,0.010562552766461468,0.0029269202700632547,116,5.032209693837601,8.0,666,132,0,223,43,0,222,44,0,221,45,0
267,268,0.010562552766461468,0.0029269202700632547,116,5.032209693837601,8.0,669,132,0,224,43,0,223,44,0,222,45,0
268,269,0.01056485208588728,0.002887413806367528,117,4.981477736583905,8.0,670,134,0,225,43,0,223,45,0,222,46,0
269,270,0.01056485208588728,0.002887413806367528,117,4.981477736583905,8.0,673,134,0,226,43,0,224,45,0,223,46,0
270,271,0.01056485208588728,0.002887413806367528,117,4.981477736583905,8.0,676,134,0,227,43,0,225,45,0,224,46,0
271,272,0.01056485208588728,0.002887413806367528,117,4.981477736583905,8.0,679,134,0,228,43,0,226,45,0,225,46,0
272,273,0.010555874902521299,0.002850477626987197,118,4.9878202312984925,8.0,681,135,0,228,44,0,227,45,0,226,46,0
273,274,0.009798926458869641,0.0028179720163209153,119,4.981961458557204,8.0,683,136,0,229,44,0,228,45,0,226,47,0
274,275,0.009798926458869641,0.0028179720163209153,119,4.981961458557204,8.0,686,136,0,230,44,0,229,45,0,227,47,0
275,276,0.009798926458869641,0.0028179720163209153,119,4.9319444444444445,8.0,687,138,0,230,45,0,230,45,0,227,48,0
276,277,0.009798926458869641,0.0028179720163209153,119,4.9319444444444445,8.0,690,138,0,231,45,0,231,45,0,228,48,0
277,278,0.007417885670588827,0.0026209809754091924,120,4.954005636070853,8.0,692,139,0,232,45,0,231,46,0,229,48,0
278,279,0.007417885670588827,0.0026209809754091924,120,4.954005636070853,8.0,695,139,0,233,45,0,232,46,0,230,48,0
279,280,0.010562572009605498,0.002777724570111368,121,4.925482663514579,8.0,697,140,0,234,45,0,232,47,0,231,48,0
280,281,0.010564777035136926,0.002740512457128807,122,4.917431133723919,8.0,699,141,0,234,46,0,233,47,0,232,48,0
281,282,0.010564777035136926,0.002740512457128807,122,4.917431133723919,8.0,702,141,0,235,46,0,234,47,0,233,48,0
282,283,0.010566970474903136,0.002707551457633451,123,4.926076258440471,8.0,704,142,0,236,46,0,235,47,0,233,49,0
283,284,0.010566970474903136,0.002707551457633451,123,4.926076258440471,8.0,707,142,0,237,46,0,236,47,0,234,49,0
284,285,0.010566970474903136,0.002707551457633451,123,4.911275148357215,8.0,709,143,0,237,47,0,237,47,0,235,49,0
285,286,0.010566970474903136,0.002707551457633451,123,4.911275148357215,8.0,712,143,0,238,47,0,238,47,0,236,49,0
286,287,0.009352734090226909,0.002646023870613381,124,4.918662855213007,8.0,714,144,0,239,47,0,238,48,0,237,49,0
287,288,0.009352734090226909,0.002646023870613381,124,4.918662855213007,8.0,717,144,0,240,47,0,239,48,0,238,49,0
288,289,0.009588476094670622,0.0025922716881221363,126,4.8933680706325084,8.0,718,146,0,241,47,0,239,49,0,238,50,0
289,290,0.009588476094670622,0.0025922716881221363,126,4.8933680706325084,8.0,721,146,0,242,47,0,240,49,0,239,50,0
290,291,0.010574850205152626,0.002577541799647167,127,4.8930725623582765,8.0,723,147,0,242,48,0,241,49,0,240,50,0
291,292,0.010576978825731151,0.0025416623985339303,128,4.875033346672002,8.0,725,148,0,243,48,0,242,49,0,240,51,0
292,293,0.010576978825731151,0.0025416623985339303,128,4.875033346672002,8.0,728,148,0,244,48,0,243,49,0,241,51,0
293,294,0.010576978825731151,0.0025416623985339303,128,4.875033346672002,8.0,731,148,0,245,48,0,244,49,0,242,51,0
294,295,0.01057909461654982,0.002509030761020954,129,4.857687946973662,8.0,733,149,0,246,48,0,245,49,0,242,52,0
295,296,0.010581166641609534,0.0024822758906790105,130,4.86517094017094,8.0,735,150,0,247,48,0,245,50,0,243,52,0
296,297,0.010581166641609534,0.0024822758906790105,130,4.86517094017094,8.0,738,150,0,248,48,0,246,50,0,244,52,0
297,298,0.01058327628473111,0.002454638348873021,131,4.8462000184689265,8.0,739,152,0,248,49,0,246,51,0,245,52,0
298,299,0.010585352631028826,0.002420395906081452,132,4.835798470331529,8.0,741,153,0,249,49,0,247,51,0,245,53,0
299,300,0.0105874155958408,0.0023931863010655287,133,4.784213836477988,8.0,742,155,0,249,50,0,247,52,0,246,53,0
